amino_acid,position,protein,gene_names,id,corrected_seq_window,15_sec,30_sec,1_min,2_min,5_min,10_min,20_min,60_min
S,236,IPI00113655,Rps6;mCG_6542;RP24-468M3.2-001;Dcdc5;RP23-50K11.1-002,1143,KRRRLSSLRASTS,-0.001297855,0.130760898,-0.137765887,0.180911663,1.146084287,-0.352758445,-1.48217727,-2.247745349
S,240,IPI00113655,Rps6;mCG_6542;RP24-468M3.2-001,1144,LSSLRASTSKSES,-0.56149422,0.563939074,-0.137765887,-0.387845694,0.536168311,-0.403813059,-1.070870143,-1.343294231
S,363,IPI00648998,Rps6ka1;RP23-256C7.2-001;rsk;Mapkapk1a;Rps6ka1;Rsk1;mCG_20822;RP23-256C7.2-002,1212,SRTPRDSPGIPPS,-0.897462798,-0.342963721,0.137241192,1.055889758,3.526394383,3.199189089,1.836398025,1.151169769
S,337,IPI00117089,Map3k3;Mekk3;mCG_141097;RP23-81G14.5-001;mKIAA4031,1816,PRGRLRSADSENA,0.300324077,-0.272384449,-0.647738652,0.581303036,2.785775674,3.766877101,4.01531558,3.946326624
S,474,IPI00121335,Akt2;mCG_22777,3081,THFPQFSYSASIR,1.094776557,2.235543265,3.588804567,4.98768013,4.728411976,3.568067381,3.477718769,3.334316554
S,439,IPI00123967,Map3k7;mCG_121930;RP23-447J12.1-001;Map3k7;Tak1;mCG_121930;RP23-447J12.1-002;Map3k7;RP23-447J12.1-004;Map3k7;RP23-447J12.1-003,3943,GQPRRRSIQDLTV,0.135928816,0.180147861,0.259543673,-0.026028784,-0.156525971,-0.28036233,-0.457751857,-0.465713442
S,9,IPI00750061,Gsk3b;mCG_129094,4288,GRPRTTSFAESCK,2.053194419,2.050292722,2.646738698,2.53692323,2.268677817,2.268677817,1.431325565,2.457514184
S,330,IPI00125960,Ndr1;Ndrg1;Ndrl;Tdd5,4497,MRSRTASGSSVTS,-0.323443721,-2.374748217,0.583628594,2.75433169,3.115785034,1.949406252,2.827358914,1.849128577
S,252,IPI00125980,Fkhr2;Foxo3;Foxo3a;mCG_18802,4508,PRRRAVSMDNSNK,1.880685525,2.720147106,3.504639459,4.160315175,3.701483574,3.485244675,3.224856809,3.433700602
S,503,IPI00331684,Grb10;Meg1;Grb10;Meg1;Grb10;RP23-119N24.1-004;Grb10;Meg1,4944,NILSSQSPLHPST,-0.634856206,-0.098273867,0.010565029,0.118818179,1.775642673,1.925728508,2.49167278,2.414941106
S,641,IPI00130127,Gys;Gys1;Gys3,5572,RYPRPASVPPSPS,0.16542962,0.218347209,0.136585153,-0.298388845,-1.367762314,-1.994253951,-1.553065836,0.32216237
S,649,IPI00130127,Gys;Gys1;Gys3,5575,PPSPSLSRHSSPH,0.076969476,-0.081384785,0.193960937,-0.201393672,-0.221567844,-2.343749309,-1.949646811,0.211230295
S,303,IPI00132662,Hsf1;Hsf1;Hsf1,6241,VKQEPPSPPHSPR,-0.252536804,-0.234108867,0.02672925,-0.051309454,-1.067776421,-1.281490807,-1.622368023,-1.322332106
S,307,IPI00132662,Hsf1;Hsf1;Hsf1,6242,PPSPPHSPRVLEA,0.10701825,-0.010119849,-0.025456004,-0.013858514,0.529156279,0.634060697,0.677887048,0.478667448
S,326,IPI00132662,Hsf1;Hsf1;Hsf1,6246,SMDTPLSPTAFID,0.227494651,0.217975141,-0.097285794,-0.23743857,0.564520602,1.474291702,1.969451866,2.249205024
S,159,IPI00857073,Akt1s1;Pras,6505,PAPQPPSPAPSPP,0.044603951,0.081339627,-0.125258107,-0.068498473,0.161265981,0.15176272,0.286902433,0.283351691
S,469,IPI00137533,Pfkfb2;mCG_2633;Pfkfb2;Pfkfb2;Pfkfb2,7476,VRMRRNSFTPLSS,-0.612019924,2.346616558,2.101414762,2.833800902,2.983361033,2.365722768,3.159975933,2.326914079
S,486,IPI00137533,Pfkfb2;mCG_2633;Pfkfb2;Pfkfb2;Pfkfb2,7477,RRPRNYSVGSRPL,1.100035721,1.957916084,2.514299035,2.32886518,2.63728889,2.965333447,2.999076921,3.076554136
S,92,IPI00138335,Brf1;Tis11b;Zfp36l1;mCG_19208,7591,FRDRSFSEGGERL,0.341302653,1.69634999,2.012246847,2.20892298,2.279563708,2.730255621,2.943971384,3.100731461
S,161,IPI00169888,Edc3;Yjdc;LOC353190,8254,FRRRHNSWSSSSR,0.17824041,0.39758394,0.669933836,0.817377671,0.819979576,0.896522191,1.299276313,0.926645449
S,422,IPI00221581,Eif4b,8828,ERSRTGSESSQTG,0.23155529,0.274291484,0.712199563,1.620680241,2.348794428,2.77764043,2.842697504,2.512678464
S,492,IPI00223783,Peri;Plin;Plin1,9506,KPARRVSDSFFRP,0.812375001,0.056028539,0.198013804,-0.541554997,0.143197476,-0.168770334,-0.351854516,-1.03026531
S,324,IPI00226750,As160;Kiaa0603;Tbc1d4;As160;Kiaa0603;Tbc1d4;As160;Kiaa0603;Tbc1d4;As160;Kiaa0603;Tbc1d4;As160;Kiaa0603;Tbc1d4,10125,FRSRCSSVTGVMQ,1.094303642,2.374299191,2.690870283,2.950759723,2.819801208,2.958588813,3.028792965,3.010890095
S,595,IPI00226750,As160;Kiaa0603;Tbc1d4;As160;Kiaa0603;Tbc1d4;As160;Kiaa0603;Tbc1d4;As160;Kiaa0603;Tbc1d4;As160;Kiaa0603;Tbc1d4,10126,MRGRLGSMDSFER,1.107754814,2.670153034,3.894332742,4.098874287,4.177724889,4.324642855,4.1159854,3.971318223
S,348,IPI00226750,As160;Kiaa0603;Tbc1d4;As160;Kiaa0603;Tbc1d4;As160;Kiaa0603;Tbc1d4;As160;Kiaa0603;Tbc1d4;As160;Kiaa0603;Tbc1d4,10128,PRRRHASAPSHVQ,0.287472295,0.441377239,0.961401073,1.405393381,1.732068576,2.052715323,1.942029866,2.008101746
S,632,IPI00228826,Lipe;4933403G17Rik;Lipe;mCG_147818;Lipe;lipe,10659,LSNSEPSDSPEMS,0.051998468,-0.18737856,0.055334502,0.669262659,-0.438891121,1.391950245,-0.296193191,-0.733722697
S,555,IPI00228826,Lipe;4933403G17Rik;Lipe;mCG_147818;Lipe;lipe,10665,LVQRDTSLFLRDL,-0.17198592,-0.17948198,-1.146722886,-1.516346716,-2.471968055,-2.112066153,-2.415190625,-2.252597131
S,375,IPI00229794,Msk1;Rps6ka5;Msk1;Rps6ka5,11092,RLFQGYSFVAPSI,0.340562269,0.230762518,-0.403866312,0.906890596,3.399074136,2.257045327,3.236958339,2.450315737
S,981,IPI00230482,Tsc2;Tsc2;Tsc2;Tsc2;Tsc2,11430,FRCRSISVSEHVV,0.637019415,1.701857745,2.191404729,2.549620136,2.143691527,2.066971247,2.167733648,2.036052432
S,939,IPI00230482,Tsc2;Tsc2;Tsc2;Tcs2;Tsc2;Tsc2;Tsc2;Tsc2;Tsc2,11441,FRARSTSLNERPK,0.846350494,1.578721387,2.078148672,1.9046575,1.819342825,2.035908198,2.02203893,1.935558564
S,2481,IPI00268673,Frap;Frap1;Mtor;Frap;Frap1;Mtor,11843,VPESIHSFIGDGL,0.179765808,0.062674363,-0.154088493,0.372840689,1.023944416,0.880099317,1.00092375,1.060607746
S,2448,IPI00268673,Frap;Frap1;Mtor;Frap;Frap1;Mtor,11851,SRTRTDSYSAGQS,0.05630606,0.135396963,0.46386829,0.861114109,1.635216675,2.178142867,2.442803398,1.94092183
S,1179,IPI00311611,Sos1,12994,PTSKAYSPRYSIS,1.245313109,0.760135766,1.549817006,2.232967681,2.534829822,3.07278616,3.566666007,3.254014067
S,1183,IPI00311611,Sos1,12995,AYSPRYSISDRTS,0.164528861,0.760135766,1.549817006,2.232967681,2.534829822,3.07278616,3.566666007,2.921608659
S,1196,IPI00311611,Sos1,13015,ISDPPESPPLLPP,-1.42847948,0.251931127,-0.622998448,0.214622201,2.634867378,3.350396821,2.798667288,3.385457268
S,64,IPI00318938,Eif4ebp1,13766,LMECRNSPVAKTP,-0.0754592,-0.045303245,0.113967146,0.344556972,1.14375519,1.335553571,1.253360634,1.500666953
S,707,IPI00380785,Nhe1;Slc9a1;mCG_20810;RP23-32C12.6-001;Slc9a1,17539,SRARIGSDPLAYE,0.436588294,0.836758737,1.847034789,3.485426827,4.124515905,3.845059436,3.455803272,3.234736897
S,452,IPI00453603,Rps6kb1;Rps6kb1;mCG_9027;RP23-467J12.2-001,19782,VSPVKFSPGDFWG,2.21744788,0.413594082,0.235246694,0.293429344,2.26423525,3.992839114,4.287148672,4.831768832
S,763,IPI00752067,Ulk1;Ulk1;mKIAA0722,21925,VVFTVGSPPSGAT,2.007428377,-0.113576979,-0.860871081,0.686074659,0.86055684,0.727833346,1.231486478,4.458919437
S,1176,IPI00555127,Ecnos;Nos3;Nos3,23370,SRIRTQSFSLQER,1.939758791,2.889503136,3.558634997,4.525880949,4.617389883,2.940699275,2.469529686,2.789561292
S,526,IPI00605223,Irs1;mCG_20326;Irs1;Irs-1,23681,THSAGTSPTISHQ,0.274738753,-0.303240515,1.060156706,-0.937380893,-1.712419906,-1.519189756,-0.500904088,-0.459011982
S,21,IPI00648141,Gsk3a,24474,GRARTSSFAEPGG,1.083045512,1.801903615,2.056201996,1.99019248,1.926536153,1.994088364,1.788265159,2.041967478
S,112,IPI00119986,Bad;Bbc6;Bad;mCG_14907,26140,TRSRHSSYPAGTE,0.178109076,-0.012210998,-0.129744663,0.001367748,0.831075431,1.436275395,1.611446726,1.597190751
S,136,IPI00119986,Bad;Bbc6;Bad;mCG_14907,26145,FRGRSRSAPPNLW,0.248170473,0.674370254,1.09821741,1.484859943,1.325792224,1.329631106,1.450872871,1.325828482
S,272,IPI00929838,Cables1;Cables;Cables1;Cables1,29956,RRCRTLSGSPRPK,2.058185435,2.529096294,3.372833725,3.287383638,3.635727696,3.830821175,3.354316743,3.222431013
T,183,IPI00119663,Erk2;Mapk;Mapk1;Prkm1;Erk2;Mapk1,31143,DHTGFLTEYVATR,0.287235865,-2.479069912,0.50019018,4.049717884,5.613661301,3.724382879,3.57308848,4.397113616
T,309,IPI00121335,Akt2;mCG_22777;Akt3;Akt3;Akt1;mCG_15405;Akt;Akt1;Rac,31272,DGATMKTFCGTPE,4.053719574,4.256180377,3.13936291,3.536550296,3.375660873,2.882358199,4.235470507,4.232673802
T,366,IPI00125960,Ndr1;Ndrg1;Ndrl;Tdd5,31569,SRSRSHTSEDARL,0.547449829,0.810813242,0.633942631,1.70194821,2.260912385,2.749523541,2.946860716,2.776552733
T,270,IPI00857073,Akt1s1;Pras,32018,AFKEKRTEARSSD,-0.109627711,-0.210596252,-0.009633952,0.258699816,0.030767586,0.062565231,-1.605351966,-0.086376099
T,330,IPI00136134,Kiaa1248;Ndr2;Ndrg2;Kiaa1248;Ndr2;Ndrg2,32167,RLSRSRTASLTSA,-1.334339637,0.454488619,-1.878851944,-0.666072556,-0.197488122,0.274083666,1.140730238,1.364562291
T,348,IPI00136134,Kiaa1248;Ndr2;Ndrg2;Kiaa1248;Ndr2;Ndrg2,32169,SRSRSRTLSQSSE,0.045862298,0.516465541,1.517684378,1.66537003,1.949383652,1.887728403,1.763976219,2.015607466
T,86,IPI00222598,Mapkap1;Mip1;Sin1;Mapkap1;RP23-14N22.1-002;Mapkap1;Mip1;Sin1,32613,IRRRSNTAQRLER,4.087208226,4.464602926,4.851199339,4.907707891,4.27578631,4.608056362,4.173501654,4.559111817
T,649,IPI00226750,As160;Kiaa0603;Tbc1d4;As160;Kiaa0603;Tbc1d4;As160;Kiaa0603;Tbc1d4;As160;Kiaa0603;Tbc1d4;As160;Kiaa0603;Tbc1d4,32814,FRRRAHTFSHPPS,1.948451338,2.472409006,3.770811078,3.464137613,2.603577448,2.793456662,1.819546387,2.732260515
T,198,IPI00230005,Pkaca;Prkaca;Pkaca;Prkaca;Pkacb;Prkacb;Pkacb;Prkacb;Pkacb;Prkacb;Pkacb;Prkacb,32877,VKGRTWTLCGTPE,-0.019864993,0.010358209,0.029276182,0.071795613,-0.171719224,-0.019061319,0.026205157,0.001227211
T,203,IPI00230277,Erk1;Mapk3;Prkm3;Mapk3,33117,DHTGFLTEYVATR,-0.033348051,-0.126548997,0.156627015,3.689970025,4.780710617,4.128244727,4.790179828,4.412515991
T,1466,IPI00230482,Tsc2;Tsc2;Tsc2;Tcs2;Tsc2;Tsc2;Tsc2;Tsc2;Tsc2,33125,LRPRGYTISDSAP,1.150949541,3.399437728,3.193204014,3.032338921,2.760378516,3.034510494,3.986787489,3.060818518
T,1982,IPI00263048,Numa1,33202,THQGPGTPESKKA,-0.58331156,-0.619359199,-0.513131199,-0.796047146,0.722531032,1.598981126,3.856945863,3.224991516
T,36,IPI00318938,Eif4ebp1,33654,PGDYSTTPGGTLF,0.053374126,-0.071360589,-0.016380671,0.200624876,0.179677922,0.260238882,0.234295294,0.33797706
T,45,IPI00318938,Eif4ebp1,33657,GTLFSTTPGGTRI,-0.026020999,-0.037073464,-0.254714988,0.068294526,0.221437866,0.084211249,0.226983185,0.320450018
Y,185,IPI00119663,Erk2;Mapk;Mapk1;Prkm1;Erk2;Mapk1,37331,TGFLTEYVATRWY,0.119953718,0.063917054,1.949143064,3.571798142,4.349073652,3.976962954,3.413561589,4.389080784
Y,1175,IPI00128358,Igf1r;Insr;mCG_127954,37334,GMTRDIYETDYYR,3.133653774,3.890154817,3.750392121,4.114450319,3.555629672,3.59455691,3.780711142,4.000161392
Y,1179,IPI00128358,Igf1r;Insr;mCG_127954,37335,DIYETDYYRKGGK,4.404947388,2.807437359,4.600983311,3.810134583,3.557633101,3.965086082,3.118539138,3.738254427
Y,1180,IPI00128358,Igf1r;Insr;mCG_127954,37336,IYETDYYRKGGKG,3.344699273,3.757770011,4.600983311,3.761604418,3.311721218,3.965086082,3.121926001,3.709792403
Y,205,IPI00230277,Erk1;Mapk3;Prkm3;Mapk3,37449,TGFLTEYVATRWY,0.481608943,0.356932568,1.379545,3.372673558,3.616914011,4.042991838,3.752514188,3.926996622
Y,891,IPI00605223,Irs1;mCG_20326;Irs1;Irs-1,37636,PKSPGEYVNIEFG,4.30932173,2.677485691,3.449429314,3.833644068,5.001780404,3.9183328,3.609816412,5.215177682
Y,460,IPI00605223,Irs1;mCG_20326;Irs1;Irs-1,37639,EEELSNYICMGGK,4.355086762,2.784629611,2.582568045,1.686545348,1.505304843,3.046999197,3.00548811,2.419275677
Y,608,IPI00605223,Irs1;mCG_20326;Irs1;Irs-1,37640,LHTDDGYMPMSPG,0.721410722,1.576473765,1.826233221,1.664658047,1.318510634,1.443320206,1.515740958,0.977071867
Y,1171,IPI00605223,Irs1;mCG_20326;Irs1;Irs-1,37643,LEKSLNYIDLDLA,5.18030702,3.868373314,3.6030726,4.372065459,3.936170595,2.992855787,2.990203011,4.567400027